{
    "0": {
        "x": 0.5029729008674622,
        "y": 0.13786914944648743,
        "z": -0.47026923298835754,
        "visibility": 0.9999991655349731
    },
    "1": {
        "x": 0.532960057258606,
        "y": 0.11873319745063782,
        "z": -0.4139544367790222,
        "visibility": 0.9999973773956299
    },
    "2": {
        "x": 0.5472339391708374,
        "y": 0.11901679635047913,
        "z": -0.4140617549419403,
        "visibility": 0.9999971389770508
    },
    "3": {
        "x": 0.5643055438995361,
        "y": 0.11954298615455627,
        "z": -0.41417691111564636,
        "visibility": 0.9999972581863403
    },
    "4": {
        "x": 0.4773237407207489,
        "y": 0.11945206671953201,
        "z": -0.4094160795211792,
        "visibility": 0.9999974966049194
    },
    "5": {
        "x": 0.45753562450408936,
        "y": 0.12059430032968521,
        "z": -0.4094364047050476,
        "visibility": 0.999997615814209
    },
    "6": {
        "x": 0.4393817186355591,
        "y": 0.12176249176263809,
        "z": -0.40958306193351746,
        "visibility": 0.9999977350234985
    },
    "7": {
        "x": 0.5902284383773804,
        "y": 0.12987226247787476,
        "z": -0.12879697978496552,
        "visibility": 0.9999943971633911
    },
    "8": {
        "x": 0.4208822250366211,
        "y": 0.13359904289245605,
        "z": -0.10798671841621399,
        "visibility": 0.9999966621398926
    },
    "9": {
        "x": 0.5359120965003967,
        "y": 0.16184762120246887,
        "z": -0.3681780993938446,
        "visibility": 0.9999994039535522
    },
    "10": {
        "x": 0.46863406896591187,
        "y": 0.16240417957305908,
        "z": -0.3617337942123413,
        "visibility": 0.9999995231628418
    },
    "11": {
        "x": 0.729934811592102,
        "y": 0.26625585556030273,
        "z": -0.02821122109889984,
        "visibility": 0.9999880790710449
    },
    "12": {
        "x": 0.2957567572593689,
        "y": 0.26164311170578003,
        "z": -0.06698436290025711,
        "visibility": 0.9999873638153076
    },
    "13": {
        "x": 0.7620542645454407,
        "y": 0.4145982265472412,
        "z": -0.06119404733181,
        "visibility": 0.9833522439002991
    },
    "14": {
        "x": 0.2403806746006012,
        "y": 0.41081327199935913,
        "z": -0.09838173538446426,
        "visibility": 0.9892376661300659
    },
    "15": {
        "x": 0.6901724338531494,
        "y": 0.5331018567085266,
        "z": -0.4256870150566101,
        "visibility": 0.9623610973358154
    },
    "16": {
        "x": 0.311090350151062,
        "y": 0.5323284864425659,
        "z": -0.4031183123588562,
        "visibility": 0.954478919506073
    },
    "17": {
        "x": 0.6902086138725281,
        "y": 0.5770853161811829,
        "z": -0.5511730909347534,
        "visibility": 0.9414581656455994
    },
    "18": {
        "x": 0.3080230951309204,
        "y": 0.5706886649131775,
        "z": -0.5173235535621643,
        "visibility": 0.9236435890197754
    },
    "19": {
        "x": 0.6426867842674255,
        "y": 0.5702151656150818,
        "z": -0.6275877952575684,
        "visibility": 0.9427216649055481
    },
    "20": {
        "x": 0.35948875546455383,
        "y": 0.5639798045158386,
        "z": -0.5894004702568054,
        "visibility": 0.9267652034759521
    },
    "21": {
        "x": 0.6298201084136963,
        "y": 0.5577277541160583,
        "z": -0.4637928903102875,
        "visibility": 0.9351827502250671
    },
    "22": {
        "x": 0.37194228172302246,
        "y": 0.5522087812423706,
        "z": -0.4373743236064911,
        "visibility": 0.9266220927238464
    },
    "23": {
        "x": 0.6326000094413757,
        "y": 0.5354045629501343,
        "z": 0.01337894145399332,
        "visibility": 0.9999064207077026
    },
    "24": {
        "x": 0.37416189908981323,
        "y": 0.535484790802002,
        "z": -0.013232383877038956,
        "visibility": 0.9998942613601685
    },
    "25": {
        "x": 0.699850857257843,
        "y": 0.6744364500045776,
        "z": -0.6983981728553772,
        "visibility": 0.9936332702636719
    },
    "26": {
        "x": 0.3085349500179291,
        "y": 0.6731070280075073,
        "z": -0.6457763910293579,
        "visibility": 0.9953332543373108
    },
    "27": {
        "x": 0.6634624004364014,
        "y": 0.901802659034729,
        "z": -0.4594211280345917,
        "visibility": 0.9873981475830078
    },
    "28": {
        "x": 0.3091461956501007,
        "y": 0.8936861157417297,
        "z": -0.43550750613212585,
        "visibility": 0.9864878058433533
    },
    "29": {
        "x": 0.6229991316795349,
        "y": 0.9293038249015808,
        "z": -0.46024855971336365,
        "visibility": 0.9026437997817993
    },
    "30": {
        "x": 0.3352249264717102,
        "y": 0.9207249879837036,
        "z": -0.4330785572528839,
        "visibility": 0.885368287563324
    },
    "31": {
        "x": 0.6846306324005127,
        "y": 0.9834944605827332,
        "z": -0.8973046541213989,
        "visibility": 0.973188579082489
    },
    "32": {
        "x": 0.27252909541130066,
        "y": 0.9763222932815552,
        "z": -0.8361807465553284,
        "visibility": 0.9770467877388
    }
}