{
    "0": {
        "x": 0.5468822121620178,
        "y": 0.14126017689704895,
        "z": -0.40161576867103577,
        "visibility": 0.9999970197677612
    },
    "1": {
        "x": 0.572452187538147,
        "y": 0.12477928400039673,
        "z": -0.32351839542388916,
        "visibility": 0.9999966621398926
    },
    "2": {
        "x": 0.5847652554512024,
        "y": 0.12567639350891113,
        "z": -0.3235902190208435,
        "visibility": 0.9999958276748657
    },
    "3": {
        "x": 0.5984100103378296,
        "y": 0.12683945894241333,
        "z": -0.3235544264316559,
        "visibility": 0.999996542930603
    },
    "4": {
        "x": 0.5232151746749878,
        "y": 0.12308874726295471,
        "z": -0.3216303884983063,
        "visibility": 0.9999957084655762
    },
    "5": {
        "x": 0.5069271326065063,
        "y": 0.12334059923887253,
        "z": -0.32162219285964966,
        "visibility": 0.9999960660934448
    },
    "6": {
        "x": 0.49114465713500977,
        "y": 0.12435519695281982,
        "z": -0.32149046659469604,
        "visibility": 0.9999963045120239
    },
    "7": {
        "x": 0.6245361566543579,
        "y": 0.1414746642112732,
        "z": 0.03399106487631798,
        "visibility": 0.9999940395355225
    },
    "8": {
        "x": 0.4757567048072815,
        "y": 0.14167895913124084,
        "z": 0.03622967004776001,
        "visibility": 0.9999912977218628
    },
    "9": {
        "x": 0.5777704119682312,
        "y": 0.17027318477630615,
        "z": -0.2804238796234131,
        "visibility": 0.9999966621398926
    },
    "10": {
        "x": 0.5204926133155823,
        "y": 0.16822949051856995,
        "z": -0.279961496591568,
        "visibility": 0.9999957084655762
    },
    "11": {
        "x": 0.7172626256942749,
        "y": 0.2754081189632416,
        "z": 0.02956184186041355,
        "visibility": 0.999836802482605
    },
    "12": {
        "x": 0.39382168650627136,
        "y": 0.2644141614437103,
        "z": 0.030708685517311096,
        "visibility": 0.9996910095214844
    },
    "13": {
        "x": 0.8829156160354614,
        "y": 0.2578262686729431,
        "z": -0.6347402930259705,
        "visibility": 0.9932336211204529
    },
    "14": {
        "x": 0.2861314117908478,
        "y": 0.2696036100387573,
        "z": -0.6513308882713318,
        "visibility": 0.9807234406471252
    },
    "15": {
        "x": 0.7777469158172607,
        "y": 0.24756845831871033,
        "z": -1.1758705377578735,
        "visibility": 0.9811928272247314
    },
    "16": {
        "x": 0.3099800944328308,
        "y": 0.2455172836780548,
        "z": -1.3107175827026367,
        "visibility": 0.9694122076034546
    },
    "17": {
        "x": 0.766079306602478,
        "y": 0.22877517342567444,
        "z": -1.3065038919448853,
        "visibility": 0.9481316208839417
    },
    "18": {
        "x": 0.3170105814933777,
        "y": 0.2303590029478073,
        "z": -1.4593802690505981,
        "visibility": 0.9326688051223755
    },
    "19": {
        "x": 0.7297290563583374,
        "y": 0.22620710730552673,
        "z": -1.2386423349380493,
        "visibility": 0.9427645802497864
    },
    "20": {
        "x": 0.34532010555267334,
        "y": 0.22812876105308533,
        "z": -1.4431588649749756,
        "visibility": 0.9311137795448303
    },
    "21": {
        "x": 0.723870575428009,
        "y": 0.2374872863292694,
        "z": -1.1637468338012695,
        "visibility": 0.9377493858337402
    },
    "22": {
        "x": 0.3529120683670044,
        "y": 0.23790624737739563,
        "z": -1.3255971670150757,
        "visibility": 0.9322798252105713
    },
    "23": {
        "x": 0.6635579466819763,
        "y": 0.5551320314407349,
        "z": -0.001084488001652062,
        "visibility": 0.9998749494552612
    },
    "24": {
        "x": 0.4294394850730896,
        "y": 0.5544916391372681,
        "z": 0.0021666826214641333,
        "visibility": 0.9997207522392273
    },
    "25": {
        "x": 0.7171216011047363,
        "y": 0.6631898880004883,
        "z": -0.8910519480705261,
        "visibility": 0.9900628924369812
    },
    "26": {
        "x": 0.3814389407634735,
        "y": 0.6558018326759338,
        "z": -0.9353927373886108,
        "visibility": 0.9861975312232971
    },
    "27": {
        "x": 0.6825317144393921,
        "y": 0.9077677726745605,
        "z": -0.8378989696502686,
        "visibility": 0.9822319746017456
    },
    "28": {
        "x": 0.37440621852874756,
        "y": 0.8964571356773376,
        "z": -0.8636356592178345,
        "visibility": 0.9807329177856445
    },
    "29": {
        "x": 0.6460277438163757,
        "y": 0.9373955726623535,
        "z": -0.8530423045158386,
        "visibility": 0.9252340793609619
    },
    "30": {
        "x": 0.4000532627105713,
        "y": 0.926584005355835,
        "z": -0.8719818592071533,
        "visibility": 0.9145638346672058
    },
    "31": {
        "x": 0.7030983567237854,
        "y": 0.9804339408874512,
        "z": -1.3243696689605713,
        "visibility": 0.9777001738548279
    },
    "32": {
        "x": 0.34553343057632446,
        "y": 0.9740162491798401,
        "z": -1.3258670568466187,
        "visibility": 0.9761288166046143
    }
}