{
    "image": {
        "file_name": "C:/Users/user/Desktop/24-2/dataset_dg/pose2-1.jpg",
        "description": "Pose landmarks extracted using MediaPipe.",
        "tags": [
            "pose",
            "mediapipe",
            "fitness",
            "joints"
        ],
        "dimensions": {
            "width": 738,
            "height": 836
        },
        "date_created": "2024-11-17",
        "author": "Jiwon Kim",
        "license": "CC BY-SA 4.0"
    },
    "joint_coordinates": {
        "joint_0": {
            "x": 373,
            "y": 376,
            "z": -0.45938825607299805,
            "visibility": 0.9961487054824829
        },
        "joint_1": {
            "x": 386,
            "y": 361,
            "z": -0.41941937804222107,
            "visibility": 0.9701690077781677
        },
        "joint_2": {
            "x": 394,
            "y": 363,
            "z": -0.4192972481250763,
            "visibility": 0.9834403991699219
        },
        "joint_3": {
            "x": 404,
            "y": 365,
            "z": -0.41946980357170105,
            "visibility": 0.9751873016357422
        },
        "joint_4": {
            "x": 363,
            "y": 358,
            "z": -0.42486223578453064,
            "visibility": 0.9688359498977661
        },
        "joint_5": {
            "x": 356,
            "y": 358,
            "z": -0.4252973794937134,
            "visibility": 0.982210636138916
        },
        "joint_6": {
            "x": 348,
            "y": 358,
            "z": -0.42555299401283264,
            "visibility": 0.9743412733078003
        },
        "joint_7": {
            "x": 421,
            "y": 385,
            "z": -0.2628787159919739,
            "visibility": 0.9881786704063416
        },
        "joint_8": {
            "x": 331,
            "y": 378,
            "z": -0.2764609158039093,
            "visibility": 0.9901359677314758
        },
        "joint_9": {
            "x": 389,
            "y": 413,
            "z": -0.40638571977615356,
            "visibility": 0.992003858089447
        },
        "joint_10": {
            "x": 361,
            "y": 406,
            "z": -0.41115903854370117,
            "visibility": 0.9932184815406799
        },
        "joint_11": {
            "x": 477,
            "y": 530,
            "z": -0.21565966308116913,
            "visibility": 0.9968570470809937
        },
        "joint_12": {
            "x": 253,
            "y": 515,
            "z": -0.19394749402999878,
            "visibility": 0.9985671043395996
        },
        "joint_13": {
            "x": 605,
            "y": 631,
            "z": -0.45681488513946533,
            "visibility": 0.9924910664558411
        },
        "joint_14": {
            "x": 109,
            "y": 627,
            "z": -0.40508705377578735,
            "visibility": 0.9954115748405457
        },
        "joint_15": {
            "x": 654,
            "y": 505,
            "z": -0.8133783340454102,
            "visibility": 0.9994553923606873
        },
        "joint_16": {
            "x": 70,
            "y": 488,
            "z": -0.7930282354354858,
            "visibility": 0.9999707937240601
        },
        "joint_17": {
            "x": 659,
            "y": 480,
            "z": -0.8559998869895935,
            "visibility": 0.9981012940406799
        },
        "joint_18": {
            "x": 59,
            "y": 445,
            "z": -0.8266112208366394,
            "visibility": 0.9999128580093384
        },
        "joint_19": {
            "x": 651,
            "y": 439,
            "z": -0.8249760866165161,
            "visibility": 0.9976314306259155
        },
        "joint_20": {
            "x": 76,
            "y": 426,
            "z": -0.8156002759933472,
            "visibility": 0.9998987913131714
        },
        "joint_21": {
            "x": 641,
            "y": 454,
            "z": -0.8112875819206238,
            "visibility": 0.9985089898109436
        },
        "joint_22": {
            "x": 88,
            "y": 443,
            "z": -0.799611508846283,
            "visibility": 0.9999158382415771
        },
        "joint_23": {
            "x": 412,
            "y": 768,
            "z": -0.0032049969304353,
            "visibility": 0.9185032844543457
        },
        "joint_24": {
            "x": 304,
            "y": 751,
            "z": 0.005205280147492886,
            "visibility": 0.9628080725669861
        },
        "joint_25": {
            "x": 398,
            "y": 936,
            "z": 0.1690337210893631,
            "visibility": 0.17131157219409943
        },
        "joint_26": {
            "x": 284,
            "y": 922,
            "z": 0.21404772996902466,
            "visibility": 0.250857949256897
        },
        "joint_27": {
            "x": 369,
            "y": 1075,
            "z": 0.6208294034004211,
            "visibility": 0.0002996820549014956
        },
        "joint_28": {
            "x": 258,
            "y": 1061,
            "z": 0.5806599855422974,
            "visibility": 0.0015351519687101245
        },
        "joint_29": {
            "x": 367,
            "y": 1100,
            "z": 0.6551554799079895,
            "visibility": 0.003912440501153469
        },
        "joint_30": {
            "x": 255,
            "y": 1090,
            "z": 0.6100231409072876,
            "visibility": 0.004441085271537304
        },
        "joint_31": {
            "x": 339,
            "y": 1131,
            "z": 0.45435869693756104,
            "visibility": 0.000775445718318224
        },
        "joint_32": {
            "x": 250,
            "y": 1117,
            "z": 0.3915981352329254,
            "visibility": 0.0011139558628201485
        }
    }
}