{
    "0": {
        "x": 0.5201445817947388,
        "y": 0.09294816851615906,
        "z": -0.5450485944747925,
        "visibility": 0.9996100068092346
    },
    "1": {
        "x": 0.5442145466804504,
        "y": 0.0748220682144165,
        "z": -0.4515974819660187,
        "visibility": 0.999325156211853
    },
    "2": {
        "x": 0.5588246583938599,
        "y": 0.074899822473526,
        "z": -0.45167434215545654,
        "visibility": 0.9992146492004395
    },
    "3": {
        "x": 0.5765973925590515,
        "y": 0.07500994205474854,
        "z": -0.4516322612762451,
        "visibility": 0.999269425868988
    },
    "4": {
        "x": 0.4895525872707367,
        "y": 0.07564079761505127,
        "z": -0.45645925402641296,
        "visibility": 0.9990781545639038
    },
    "5": {
        "x": 0.46531450748443604,
        "y": 0.07662245631217957,
        "z": -0.4563286602497101,
        "visibility": 0.9989655017852783
    },
    "6": {
        "x": 0.4474644362926483,
        "y": 0.07801082730293274,
        "z": -0.4564349055290222,
        "visibility": 0.9988051652908325
    },
    "7": {
        "x": 0.5992240309715271,
        "y": 0.08589744567871094,
        "z": 0.0077444990165531635,
        "visibility": 0.9995265007019043
    },
    "8": {
        "x": 0.42446690797805786,
        "y": 0.0905851423740387,
        "z": -0.011354353278875351,
        "visibility": 0.9989957213401794
    },
    "9": {
        "x": 0.5486804842948914,
        "y": 0.11610674858093262,
        "z": -0.3751341998577118,
        "visibility": 0.9995983242988586
    },
    "10": {
        "x": 0.48632121086120605,
        "y": 0.1166277527809143,
        "z": -0.3827582597732544,
        "visibility": 0.9992208480834961
    },
    "11": {
        "x": 0.7264958024024963,
        "y": 0.21078993380069733,
        "z": -0.030055521056056023,
        "visibility": 0.9986697435379028
    },
    "12": {
        "x": 0.31532949209213257,
        "y": 0.20611846446990967,
        "z": -0.08768396824598312,
        "visibility": 0.9948182702064514
    },
    "13": {
        "x": 0.8067482709884644,
        "y": 0.20069432258605957,
        "z": -0.8860758543014526,
        "visibility": 0.9766967296600342
    },
    "14": {
        "x": 0.3314356803894043,
        "y": 0.19154198467731476,
        "z": -0.9597470760345459,
        "visibility": 0.9421381950378418
    },
    "15": {
        "x": 0.5109586715698242,
        "y": 0.1825082153081894,
        "z": -1.387094259262085,
        "visibility": 0.9043409824371338
    },
    "16": {
        "x": 0.6407335996627808,
        "y": 0.17487949132919312,
        "z": -1.3171173334121704,
        "visibility": 0.5654622912406921
    },
    "17": {
        "x": 0.4245120882987976,
        "y": 0.19245684146881104,
        "z": -1.5216944217681885,
        "visibility": 0.7836930155754089
    },
    "18": {
        "x": 0.7349076867103577,
        "y": 0.1851373016834259,
        "z": -1.4393833875656128,
        "visibility": 0.3721564710140228
    },
    "19": {
        "x": 0.4134278893470764,
        "y": 0.19254770874977112,
        "z": -1.406273365020752,
        "visibility": 0.7622820734977722
    },
    "20": {
        "x": 0.7556700706481934,
        "y": 0.18564651906490326,
        "z": -1.3532295227050781,
        "visibility": 0.34001779556274414
    },
    "21": {
        "x": 0.4418560266494751,
        "y": 0.19166642427444458,
        "z": -1.3541579246520996,
        "visibility": 0.743108868598938
    },
    "22": {
        "x": 0.716823935508728,
        "y": 0.1850319355726242,
        "z": -1.2954909801483154,
        "visibility": 0.3404025435447693
    },
    "23": {
        "x": 0.6479346752166748,
        "y": 0.5012176036834717,
        "z": -0.007494083605706692,
        "visibility": 0.999715268611908
    },
    "24": {
        "x": 0.3951016068458557,
        "y": 0.49854642152786255,
        "z": 0.007102524861693382,
        "visibility": 0.9994937181472778
    },
    "25": {
        "x": 0.6647595167160034,
        "y": 0.7241487503051758,
        "z": -0.22979086637496948,
        "visibility": 0.9869542717933655
    },
    "26": {
        "x": 0.344740092754364,
        "y": 0.7228533625602722,
        "z": -0.07770455628633499,
        "visibility": 0.9920039772987366
    },
    "27": {
        "x": 0.6538971662521362,
        "y": 0.919731616973877,
        "z": 0.4081445336341858,
        "visibility": 0.9800524711608887
    },
    "28": {
        "x": 0.3342672884464264,
        "y": 0.9076036810874939,
        "z": 0.4488099217414856,
        "visibility": 0.9863876104354858
    },
    "29": {
        "x": 0.631344735622406,
        "y": 0.9395918250083923,
        "z": 0.4390615224838257,
        "visibility": 0.6819941997528076
    },
    "30": {
        "x": 0.3614051342010498,
        "y": 0.929331362247467,
        "z": 0.4678709805011749,
        "visibility": 0.7434544563293457
    },
    "31": {
        "x": 0.6713120341300964,
        "y": 0.9829686880111694,
        "z": -0.12130341678857803,
        "visibility": 0.9640633463859558
    },
    "32": {
        "x": 0.304249107837677,
        "y": 0.9827653169631958,
        "z": -0.07868998497724533,
        "visibility": 0.9734904170036316
    }
}