{
    "0": {
        "x": 0.5175216794013977,
        "y": 0.12507790327072144,
        "z": -0.6251589059829712,
        "visibility": 0.9999035596847534
    },
    "1": {
        "x": 0.5447995066642761,
        "y": 0.10629096627235413,
        "z": -0.5377711057662964,
        "visibility": 0.9998546838760376
    },
    "2": {
        "x": 0.5597901940345764,
        "y": 0.10648959875106812,
        "z": -0.5376783609390259,
        "visibility": 0.9998170733451843
    },
    "3": {
        "x": 0.5727046728134155,
        "y": 0.10698941349983215,
        "z": -0.5373449921607971,
        "visibility": 0.9998353719711304
    },
    "4": {
        "x": 0.49044322967529297,
        "y": 0.10650968551635742,
        "z": -0.5308661460876465,
        "visibility": 0.9998193383216858
    },
    "5": {
        "x": 0.4737768769264221,
        "y": 0.1071549728512764,
        "z": -0.5309409499168396,
        "visibility": 0.9998047947883606
    },
    "6": {
        "x": 0.4567326009273529,
        "y": 0.10841482132673264,
        "z": -0.5309287905693054,
        "visibility": 0.9998270869255066
    },
    "7": {
        "x": 0.6008036732673645,
        "y": 0.1164814904332161,
        "z": -0.10048311948776245,
        "visibility": 0.9998495578765869
    },
    "8": {
        "x": 0.4435575008392334,
        "y": 0.11996424198150635,
        "z": -0.06551908701658249,
        "visibility": 0.9997966885566711
    },
    "9": {
        "x": 0.5510425567626953,
        "y": 0.15174797177314758,
        "z": -0.4672606885433197,
        "visibility": 0.9999179840087891
    },
    "10": {
        "x": 0.4879358410835266,
        "y": 0.15245816111564636,
        "z": -0.45748183131217957,
        "visibility": 0.9998874664306641
    },
    "11": {
        "x": 0.7276268005371094,
        "y": 0.235894575715065,
        "z": -0.1229596734046936,
        "visibility": 0.9997411370277405
    },
    "12": {
        "x": 0.33590012788772583,
        "y": 0.23636876046657562,
        "z": -0.11313652992248535,
        "visibility": 0.9996335506439209
    },
    "13": {
        "x": 0.7857924699783325,
        "y": 0.2607806921005249,
        "z": -0.9043092131614685,
        "visibility": 0.9859532713890076
    },
    "14": {
        "x": 0.26891371607780457,
        "y": 0.25882139801979065,
        "z": -0.958706796169281,
        "visibility": 0.9908937215805054
    },
    "15": {
        "x": 0.49863630533218384,
        "y": 0.2616758644580841,
        "z": -1.45933997631073,
        "visibility": 0.9297319650650024
    },
    "16": {
        "x": 0.5826554298400879,
        "y": 0.24211782217025757,
        "z": -1.5115089416503906,
        "visibility": 0.9003058671951294
    },
    "17": {
        "x": 0.43587660789489746,
        "y": 0.26467791199684143,
        "z": -1.6133882999420166,
        "visibility": 0.8307550549507141
    },
    "18": {
        "x": 0.664665937423706,
        "y": 0.24226796627044678,
        "z": -1.676754355430603,
        "visibility": 0.7481439113616943
    },
    "19": {
        "x": 0.41978368163108826,
        "y": 0.2605116069316864,
        "z": -1.5187995433807373,
        "visibility": 0.8092038631439209
    },
    "20": {
        "x": 0.6822839379310608,
        "y": 0.2376568615436554,
        "z": -1.58412766456604,
        "visibility": 0.7163652181625366
    },
    "21": {
        "x": 0.44270196557044983,
        "y": 0.2621411681175232,
        "z": -1.437608242034912,
        "visibility": 0.7831094264984131
    },
    "22": {
        "x": 0.6513417363166809,
        "y": 0.23851150274276733,
        "z": -1.4907735586166382,
        "visibility": 0.6813096404075623
    },
    "23": {
        "x": 0.6550487875938416,
        "y": 0.5393005013465881,
        "z": -0.00801656674593687,
        "visibility": 0.9999204874038696
    },
    "24": {
        "x": 0.406828373670578,
        "y": 0.5384407043457031,
        "z": 0.008369354531168938,
        "visibility": 0.9998621940612793
    },
    "25": {
        "x": 0.6886700987815857,
        "y": 0.6681614518165588,
        "z": -1.2552430629730225,
        "visibility": 0.9899446964263916
    },
    "26": {
        "x": 0.31793275475502014,
        "y": 0.6627170443534851,
        "z": -1.1657142639160156,
        "visibility": 0.9926082491874695
    },
    "27": {
        "x": 0.6560731530189514,
        "y": 0.8930871486663818,
        "z": -0.7171646952629089,
        "visibility": 0.9792271256446838
    },
    "28": {
        "x": 0.31787312030792236,
        "y": 0.8870736956596375,
        "z": -0.6955242156982422,
        "visibility": 0.9855964779853821
    },
    "29": {
        "x": 0.6166130304336548,
        "y": 0.9181864261627197,
        "z": -0.6911889910697937,
        "visibility": 0.8669186234474182
    },
    "30": {
        "x": 0.3492002785205841,
        "y": 0.914333164691925,
        "z": -0.6746558547019958,
        "visibility": 0.8745288252830505
    },
    "31": {
        "x": 0.6676792502403259,
        "y": 0.9782827496528625,
        "z": -1.2821639776229858,
        "visibility": 0.9761945605278015
    },
    "32": {
        "x": 0.28286489844322205,
        "y": 0.9767419099807739,
        "z": -1.2410693168640137,
        "visibility": 0.9794418811798096
    }
}